signature_id	gene_symbol	direction	weight
hallmark_ifng_response	STAT1	up	1.0
hallmark_ifng_response	IRF1	up	1.0
hallmark_ifng_response	GBP1	up	1.0
hallmark_ifng_response	GBP2	up	1.0
hallmark_ifng_response	CXCL10	up	1.0
hallmark_ifng_response	CXCL9	up	1.0
hallmark_ifng_response	IDO1	up	1.0
hallmark_ifng_response	TAP1	up	1.0
hallmark_ifng_response	PSMB8	up	1.0
hallmark_ifng_response	PSMB9	up	1.0
hallmark_ifng_response	HLA-DRA	up	1.0
hallmark_ifng_response	HLA-DRB1	up	1.0
hallmark_ifng_response	CIITA	up	1.0
hallmark_ifng_response	IRF8	up	1.0
hallmark_ifng_response	IFITM1	up	1.0
hallmark_ifng_response	IFITM3	up	1.0
hallmark_ifng_response	IFI35	up	1.0
hallmark_ifng_response	IFI30	up	1.0
hallmark_ifng_response	WARS	up	1.0
hallmark_ifng_response	BST2	up	1.0
hallmark_ifng_response	OAS1	up	1.0
hallmark_ifng_response	OAS2	up	1.0
hallmark_ifng_response	OAS3	up	1.0
hallmark_ifng_response	MX1	up	1.0
hallmark_ifng_response	ISG15	up	1.0
hallmark_ifng_response	ISG20	up	1.0
hallmark_ifng_response	IFIT1	up	1.0
hallmark_ifng_response	IFIT2	up	1.0
hallmark_ifng_response	IFIT3	up	1.0
hallmark_ifng_response	RSAD2	up	1.0
hallmark_ifna_response	IFIT1	up	1.0
hallmark_ifna_response	IFIT2	up	1.0
hallmark_ifna_response	IFIT3	up	1.0
hallmark_ifna_response	ISG15	up	1.0
hallmark_ifna_response	MX1	up	1.0
hallmark_ifna_response	MX2	up	1.0
hallmark_ifna_response	OAS1	up	1.0
hallmark_ifna_response	OAS2	up	1.0
hallmark_ifna_response	OAS3	up	1.0
hallmark_ifna_response	RSAD2	up	1.0
hallmark_ifna_response	IFI44	up	1.0
hallmark_ifna_response	IFI44L	up	1.0
hallmark_ifna_response	IFI6	up	1.0
hallmark_ifna_response	IFI27	up	1.0
hallmark_ifna_response	HERC5	up	1.0
hallmark_ifna_response	USP18	up	1.0
hallmark_ifna_response	OASL	up	1.0
hallmark_ifna_response	DDX58	up	1.0
hallmark_ifna_response	IFITM1	up	1.0
hallmark_ifna_response	BST2	up	1.0
hallmark_ifna_response	STAT1	up	1.0
hallmark_ifna_response	STAT2	up	1.0
hallmark_ifna_response	IRF7	up	1.0
hallmark_ifna_response	IRF9	up	1.0
hallmark_ifna_response	XAF1	up	1.0
hallmark_ifna_response	SAMD9	up	1.0
hallmark_ifna_response	SAMD9L	up	1.0
hallmark_ifna_response	EIF2AK2	up	1.0
hallmark_ifna_response	TRIM22	up	1.0
hallmark_ifna_response	LY6E	up	1.0
hallmark_inflammatory_response	IL6	up	1.0
hallmark_inflammatory_response	IL1B	up	1.0
hallmark_inflammatory_response	TNF	up	1.0
hallmark_inflammatory_response	CXCL8	up	1.0
hallmark_inflammatory_response	CCL2	up	1.0
hallmark_inflammatory_response	CCL3	up	1.0
hallmark_inflammatory_response	CCL4	up	1.0
hallmark_inflammatory_response	CXCL1	up	1.0
hallmark_inflammatory_response	CXCL2	up	1.0
hallmark_inflammatory_response	CXCL3	up	1.0
hallmark_inflammatory_response	PTGS2	up	1.0
hallmark_inflammatory_response	ICAM1	up	1.0
hallmark_inflammatory_response	VCAM1	up	1.0
hallmark_inflammatory_response	SELE	up	1.0
hallmark_inflammatory_response	IL1A	up	1.0
hallmark_inflammatory_response	IL1RN	up	1.0
hallmark_inflammatory_response	NFKBIA	up	1.0
hallmark_inflammatory_response	NFKB1	up	1.0
hallmark_inflammatory_response	RELB	up	1.0
hallmark_inflammatory_response	TNFAIP3	up	1.0
hallmark_inflammatory_response	SOD2	up	1.0
hallmark_inflammatory_response	BIRC3	up	1.0
hallmark_inflammatory_response	TRAF1	up	1.0
hallmark_inflammatory_response	BCL3	up	1.0
hallmark_inflammatory_response	PLAUR	up	1.0
hallmark_inflammatory_response	SERPINE1	up	1.0
hallmark_inflammatory_response	MMP9	up	1.0
hallmark_inflammatory_response	TIMP1	up	1.0
hallmark_inflammatory_response	CD44	up	1.0
hallmark_inflammatory_response	CSF2	up	1.0
hallmark_hypoxia	VEGFA	up	1.0
hallmark_hypoxia	SLC2A1	up	1.0
hallmark_hypoxia	LDHA	up	1.0
hallmark_hypoxia	PGK1	up	1.0
hallmark_hypoxia	ENO1	up	1.0
hallmark_hypoxia	ALDOA	up	1.0
hallmark_hypoxia	PKM	up	1.0
hallmark_hypoxia	HK2	up	1.0
hallmark_hypoxia	BNIP3	up	1.0
hallmark_hypoxia	BNIP3L	up	1.0
hallmark_hypoxia	CA9	up	1.0
hallmark_hypoxia	ADM	up	1.0
hallmark_hypoxia	NDRG1	up	1.0
hallmark_hypoxia	P4HA1	up	1.0
hallmark_hypoxia	P4HA2	up	1.0
hallmark_hypoxia	LOX	up	1.0
hallmark_hypoxia	EGLN1	up	1.0
hallmark_hypoxia	EGLN3	up	1.0
hallmark_hypoxia	HIF1A	up	1.0
hallmark_hypoxia	DDIT4	up	1.0
hallmark_hypoxia	STC2	up	1.0
hallmark_hypoxia	PFKFB3	up	1.0
hallmark_hypoxia	PDK1	up	1.0
hallmark_hypoxia	GPI	up	1.0
hallmark_hypoxia	TPI1	up	1.0
hallmark_hypoxia	GAPDH	up	1.0
hallmark_hypoxia	PGAM1	up	1.0
hallmark_hypoxia	ENO2	up	1.0
hallmark_hypoxia	ANGPTL4	up	1.0
hallmark_hypoxia	SLC2A3	up	1.0
hallmark_e2f_targets	MCM2	up	1.0
hallmark_e2f_targets	MCM3	up	1.0
hallmark_e2f_targets	MCM4	up	1.0
hallmark_e2f_targets	MCM5	up	1.0
hallmark_e2f_targets	MCM6	up	1.0
hallmark_e2f_targets	MCM7	up	1.0
hallmark_e2f_targets	PCNA	up	1.0
hallmark_e2f_targets	RRM1	up	1.0
hallmark_e2f_targets	RRM2	up	1.0
hallmark_e2f_targets	TYMS	up	1.0
hallmark_e2f_targets	TK1	up	1.0
hallmark_e2f_targets	POLA1	up	1.0
hallmark_e2f_targets	POLD1	up	1.0
hallmark_e2f_targets	RFC4	up	1.0
hallmark_e2f_targets	FEN1	up	1.0
hallmark_e2f_targets	LIG1	up	1.0
hallmark_e2f_targets	NASP	up	1.0
hallmark_e2f_targets	ASF1B	up	1.0
hallmark_e2f_targets	CHAF1A	up	1.0
hallmark_e2f_targets	CHAF1B	up	1.0
hallmark_e2f_targets	HMGB2	up	1.0
hallmark_e2f_targets	H2AFZ	up	1.0
hallmark_e2f_targets	CENPA	up	1.0
hallmark_e2f_targets	BUB1	up	1.0
hallmark_e2f_targets	BUB1B	up	1.0
hallmark_e2f_targets	CCNE1	up	1.0
hallmark_e2f_targets	CDK2	up	1.0
hallmark_e2f_targets	E2F1	up	1.0
hallmark_e2f_targets	E2F2	up	1.0
hallmark_e2f_targets	MYBL2	up	1.0
hallmark_emt	VIM	up	1.0
hallmark_emt	CDH2	up	1.0
hallmark_emt	FN1	up	1.0
hallmark_emt	SNAI1	up	1.0
hallmark_emt	SNAI2	up	1.0
hallmark_emt	TWIST1	up	1.0
hallmark_emt	ZEB1	up	1.0
hallmark_emt	ZEB2	up	1.0
hallmark_emt	MMP2	up	1.0
hallmark_emt	MMP3	up	1.0
hallmark_emt	MMP9	up	1.0
hallmark_emt	COL1A1	up	1.0
hallmark_emt	COL1A2	up	1.0
hallmark_emt	COL3A1	up	1.0
hallmark_emt	COL5A1	up	1.0
hallmark_emt	ACTA2	up	1.0
hallmark_emt	TAGLN	up	1.0
hallmark_emt	THY1	up	1.0
hallmark_emt	SPARC	up	1.0
hallmark_emt	POSTN	up	1.0
hallmark_emt	LOXL2	up	1.0
hallmark_emt	FAP	up	1.0
hallmark_emt	CALD1	up	1.0
hallmark_emt	SERPINE1	up	1.0
hallmark_emt	ITGA5	up	1.0
hallmark_emt	ITGB1	up	1.0
hallmark_emt	TGFBI	up	1.0
hallmark_emt	CTGF	up	1.0
hallmark_emt	LAMC2	up	1.0
hallmark_emt	FBN1	up	1.0
hallmark_tnfa_nfkb	NFKBIA	up	1.0
hallmark_tnfa_nfkb	TNFAIP3	up	1.0
hallmark_tnfa_nfkb	BIRC3	up	1.0
hallmark_tnfa_nfkb	TRAF1	up	1.0
hallmark_tnfa_nfkb	RELB	up	1.0
hallmark_tnfa_nfkb	BCL3	up	1.0
hallmark_tnfa_nfkb	CXCL1	up	1.0
hallmark_tnfa_nfkb	CXCL2	up	1.0
hallmark_tnfa_nfkb	CCL2	up	1.0
hallmark_tnfa_nfkb	CCL20	up	1.0
hallmark_tnfa_nfkb	IL6	up	1.0
hallmark_tnfa_nfkb	CXCL8	up	1.0
hallmark_tnfa_nfkb	ICAM1	up	1.0
hallmark_tnfa_nfkb	VCAM1	up	1.0
hallmark_tnfa_nfkb	SELE	up	1.0
hallmark_tnfa_nfkb	PTGS2	up	1.0
hallmark_tnfa_nfkb	SOD2	up	1.0
hallmark_tnfa_nfkb	TNFAIP2	up	1.0
hallmark_tnfa_nfkb	TNFAIP6	up	1.0
hallmark_tnfa_nfkb	TNIP1	up	1.0
hallmark_tnfa_nfkb	NFKB2	up	1.0
hallmark_tnfa_nfkb	IRF1	up	1.0
hallmark_tnfa_nfkb	IER3	up	1.0
hallmark_tnfa_nfkb	JUNB	up	1.0
hallmark_tnfa_nfkb	ATF3	up	1.0
hallmark_tnfa_nfkb	DUSP1	up	1.0
hallmark_tnfa_nfkb	DUSP2	up	1.0
hallmark_tnfa_nfkb	ZFP36	up	1.0
hallmark_tnfa_nfkb	EGR1	up	1.0
hallmark_tnfa_nfkb	KLF6	up	1.0
curated_senescence	CDKN2A	up	1.0
curated_senescence	CDKN1A	up	1.0
curated_senescence	TP53	up	1.0
curated_senescence	GLB1	up	1.0
curated_senescence	SERPINE1	up	1.0
curated_senescence	IL6	up	1.0
curated_senescence	CXCL8	up	1.0
curated_senescence	CCL2	up	1.0
curated_senescence	MMP3	up	1.0
curated_senescence	IGFBP3	up	1.0
curated_senescence	IGFBP7	up	1.0
curated_senescence	CDKN2B	up	1.0
curated_senescence	RB1	up	1.0
curated_senescence	LMNB1	down	1.0
curated_senescence	H2AFX	up	1.0
curated_senescence	HMGA1	up	1.0
curated_senescence	HMGA2	up	1.0
curated_senescence	BCL2L1	up	1.0
curated_senescence	BAX	up	1.0
curated_senescence	GADD45A	up	1.0
brittle_small_study_inflammation	IL1B	up	1.0
brittle_small_study_inflammation	CXCL2	up	1.0
brittle_small_study_inflammation	CCL4	up	1.0
brittle_small_study_inflammation	PTGS2	up	1.0
brittle_small_study_inflammation	ICAM1	up	1.0
brittle_small_study_inflammation	SOD2	up	1.0
brittle_small_study_inflammation	PLAUR	up	1.0
brittle_small_study_inflammation	CD44	up	1.0
brittle_small_study_inflammation	CSF2	up	1.0
brittle_small_study_inflammation	IL1RN	up	1.0
brittle_small_study_inflammation	CXCL3	up	1.0
brittle_small_study_inflammation	SELE	up	1.0
brittle_small_study_inflammation	TIMP1	up	1.0
brittle_small_study_inflammation	BCL3	up	1.0
brittle_small_study_inflammation	TRAF1	up	1.0
brittle_small_study_inflammation	ACTB	up	1.0
brittle_small_study_inflammation	B2M	up	1.0
brittle_small_study_inflammation	HPRT1	up	1.0
brittle_small_study_inflammation	YWHAZ	up	1.0
brittle_small_study_inflammation	SDHA	up	1.0
brittle_platform_specific	RPL13A	up	1.0
brittle_platform_specific	RPL7	up	1.0
brittle_platform_specific	RPL3	up	1.0
brittle_platform_specific	RPL11	up	1.0
brittle_platform_specific	RPL5	up	1.0
brittle_platform_specific	RPS4X	up	1.0
brittle_platform_specific	RPS27A	up	1.0
brittle_platform_specific	RPS3	up	1.0
brittle_platform_specific	RPS8	up	1.0
brittle_platform_specific	RPS18	up	1.0
brittle_platform_specific	MT-ND1	up	1.0
brittle_platform_specific	MT-ND4	up	1.0
brittle_platform_specific	MT-CO1	up	1.0
brittle_platform_specific	MT-CO2	up	1.0
brittle_platform_specific	MT-ATP6	up	1.0
brittle_platform_specific	MT-CYB	up	1.0
brittle_platform_specific	MT-RNR1	up	1.0
brittle_platform_specific	MT-RNR2	up	1.0
brittle_platform_specific	MALAT1	up	1.0
brittle_platform_specific	NEAT1	up	1.0
brittle_single_tissue	ALB	up	1.0
brittle_single_tissue	APOA1	up	1.0
brittle_single_tissue	APOB	up	1.0
brittle_single_tissue	APOC3	up	1.0
brittle_single_tissue	CYP3A4	up	1.0
brittle_single_tissue	CYP2E1	up	1.0
brittle_single_tissue	CYP1A2	up	1.0
brittle_single_tissue	HP	up	1.0
brittle_single_tissue	TF	up	1.0
brittle_single_tissue	FGA	up	1.0
brittle_single_tissue	FGB	up	1.0
brittle_single_tissue	FGG	up	1.0
brittle_single_tissue	SERPINA1	up	1.0
brittle_single_tissue	SAA1	up	1.0
brittle_single_tissue	CRP	up	1.0
brittle_single_tissue	CD3D	up	1.0
brittle_single_tissue	CD8A	up	1.0
brittle_single_tissue	IL6	up	1.0
brittle_single_tissue	TNF	up	1.0
brittle_single_tissue	PTPRC	up	1.0
brittle_overfit_noise	ANKRD36	up	1.0
brittle_overfit_noise	ZNF518A	up	1.0
brittle_overfit_noise	KIAA1549	up	1.0
brittle_overfit_noise	OBSCN	up	1.0
brittle_overfit_noise	SYNE1	up	1.0
brittle_overfit_noise	TTN	down	1.0
brittle_overfit_noise	DNAH5	up	1.0
brittle_overfit_noise	MUC16	down	1.0
brittle_overfit_noise	CSMD3	up	1.0
brittle_overfit_noise	RYR2	down	1.0
brittle_overfit_noise	LRP1B	up	1.0
brittle_overfit_noise	USH2A	down	1.0
brittle_overfit_noise	PKHD1	up	1.0
brittle_overfit_noise	ZFHX4	down	1.0
brittle_overfit_noise	HMCN1	up	1.0
mixed_emt_inflammation	VIM	up	1.0
mixed_emt_inflammation	FN1	up	1.0
mixed_emt_inflammation	SNAI2	up	1.0
mixed_emt_inflammation	ZEB1	up	1.0
mixed_emt_inflammation	COL1A1	up	1.0
mixed_emt_inflammation	COL3A1	up	1.0
mixed_emt_inflammation	ACTA2	up	1.0
mixed_emt_inflammation	SPARC	up	1.0
mixed_emt_inflammation	FAP	up	1.0
mixed_emt_inflammation	LOXL2	up	1.0
mixed_emt_inflammation	IL6	up	1.0
mixed_emt_inflammation	IL1B	up	1.0
mixed_emt_inflammation	TNF	up	1.0
mixed_emt_inflammation	CXCL8	up	1.0
mixed_emt_inflammation	CCL2	up	1.0
mixed_emt_inflammation	PTGS2	up	1.0
mixed_emt_inflammation	MMP9	up	1.0
mixed_emt_inflammation	MMP3	up	1.0
mixed_emt_inflammation	SERPINE1	up	1.0
mixed_emt_inflammation	TIMP1	up	1.0
mixed_hypoxia_stress	VEGFA	up	1.0
mixed_hypoxia_stress	SLC2A1	up	1.0
mixed_hypoxia_stress	LDHA	up	1.0
mixed_hypoxia_stress	CA9	up	1.0
mixed_hypoxia_stress	BNIP3	up	1.0
mixed_hypoxia_stress	ADM	up	1.0
mixed_hypoxia_stress	NDRG1	up	1.0
mixed_hypoxia_stress	LOX	up	1.0
mixed_hypoxia_stress	HIF1A	up	1.0
mixed_hypoxia_stress	PDK1	up	1.0
mixed_hypoxia_stress	HSPA1A	up	1.0
mixed_hypoxia_stress	HSPA1B	up	1.0
mixed_hypoxia_stress	HSP90AA1	up	1.0
mixed_hypoxia_stress	DDIT3	up	1.0
mixed_hypoxia_stress	ATF4	up	1.0
mixed_hypoxia_stress	XBP1	up	1.0
mixed_hypoxia_stress	GADD45A	up	1.0
mixed_hypoxia_stress	CDKN1A	up	1.0
mixed_hypoxia_stress	FOS	up	1.0
mixed_hypoxia_stress	JUN	up	1.0
mixed_senescence_proliferation	CDKN2A	up	1.0
mixed_senescence_proliferation	CDKN1A	up	1.0
mixed_senescence_proliferation	TP53	up	1.0
mixed_senescence_proliferation	GLB1	up	1.0
mixed_senescence_proliferation	SERPINE1	up	1.0
mixed_senescence_proliferation	IL6	up	1.0
mixed_senescence_proliferation	CXCL8	up	1.0
mixed_senescence_proliferation	IGFBP3	up	1.0
mixed_senescence_proliferation	RB1	up	1.0
mixed_senescence_proliferation	GADD45A	up	1.0
mixed_senescence_proliferation	MKI67	up	1.0
mixed_senescence_proliferation	TOP2A	up	1.0
mixed_senescence_proliferation	PCNA	up	1.0
mixed_senescence_proliferation	CCNB1	up	1.0
mixed_senescence_proliferation	CDK1	up	1.0
mixed_senescence_proliferation	CCNA2	up	1.0
mixed_senescence_proliferation	BUB1	up	1.0
mixed_senescence_proliferation	AURKA	up	1.0
mixed_senescence_proliferation	PLK1	up	1.0
mixed_senescence_proliferation	CDC20	up	1.0
confounded_proliferation	MKI67	up	1.0
confounded_proliferation	TOP2A	up	1.0
confounded_proliferation	PCNA	up	1.0
confounded_proliferation	CCNB1	up	1.0
confounded_proliferation	CDK1	up	1.0
confounded_proliferation	CCNA2	up	1.0
confounded_proliferation	BUB1	up	1.0
confounded_proliferation	AURKA	up	1.0
confounded_proliferation	PLK1	up	1.0
confounded_proliferation	CDC20	up	1.0
confounded_proliferation	CCNB2	up	1.0
confounded_proliferation	CDK2	up	1.0
confounded_proliferation	MCM2	up	1.0
confounded_proliferation	BIRC5	up	1.0
confounded_proliferation	CENPE	up	1.0
confounded_proliferation	KIF11	up	1.0
confounded_proliferation	TTK	up	1.0
confounded_proliferation	NEK2	up	1.0
confounded_proliferation	MELK	up	1.0
confounded_proliferation	FOXM1	up	1.0
confounded_ribosomal	RPL13A	up	1.0
confounded_ribosomal	RPL7	up	1.0
confounded_ribosomal	RPL3	up	1.0
confounded_ribosomal	RPL11	up	1.0
confounded_ribosomal	RPL5	up	1.0
confounded_ribosomal	RPL19	up	1.0
confounded_ribosomal	RPL27	up	1.0
confounded_ribosomal	RPL35A	up	1.0
confounded_ribosomal	RPL37A	up	1.0
confounded_ribosomal	RPL4	up	1.0
confounded_ribosomal	RPS4X	up	1.0
confounded_ribosomal	RPS27A	up	1.0
confounded_ribosomal	RPS3	up	1.0
confounded_ribosomal	RPS8	up	1.0
confounded_ribosomal	RPS18	up	1.0
confounded_ribosomal	RPS6	up	1.0
confounded_ribosomal	RPS14	up	1.0
confounded_ribosomal	RPS20	up	1.0
confounded_ribosomal	RPS24	up	1.0
confounded_ribosomal	RPS28	up	1.0
confounded_immune_infiltrate	PTPRC	up	1.0
confounded_immune_infiltrate	CD3D	up	1.0
confounded_immune_infiltrate	CD3E	up	1.0
confounded_immune_infiltrate	CD8A	up	1.0
confounded_immune_infiltrate	CD8B	up	1.0
confounded_immune_infiltrate	CD4	up	1.0
confounded_immune_infiltrate	MS4A1	up	1.0
confounded_immune_infiltrate	CD19	up	1.0
confounded_immune_infiltrate	CD14	up	1.0
confounded_immune_infiltrate	CD68	up	1.0
confounded_immune_infiltrate	ITGAM	up	1.0
confounded_immune_infiltrate	FCGR3A	up	1.0
confounded_immune_infiltrate	NKG7	up	1.0
confounded_immune_infiltrate	GZMB	up	1.0
confounded_immune_infiltrate	GZMA	up	1.0
confounded_immune_infiltrate	PRF1	up	1.0
confounded_immune_infiltrate	KLRD1	up	1.0
confounded_immune_infiltrate	FOXP3	up	1.0
confounded_immune_infiltrate	ITGAX	up	1.0
confounded_immune_infiltrate	CSF1R	up	1.0
stealth_confounded_hypoxia_prolif	VEGFA	up	1.0
stealth_confounded_hypoxia_prolif	SLC2A1	up	1.0
stealth_confounded_hypoxia_prolif	LDHA	up	1.0
stealth_confounded_hypoxia_prolif	CA9	up	1.0
stealth_confounded_hypoxia_prolif	BNIP3	up	1.0
stealth_confounded_hypoxia_prolif	ADM	up	1.0
stealth_confounded_hypoxia_prolif	NDRG1	up	1.0
stealth_confounded_hypoxia_prolif	LOX	up	1.0
stealth_confounded_hypoxia_prolif	HIF1A	up	1.0
stealth_confounded_hypoxia_prolif	PDK1	up	1.0
stealth_confounded_hypoxia_prolif	ANGPTL4	up	1.0
stealth_confounded_hypoxia_prolif	P4HA1	up	1.0
stealth_confounded_hypoxia_prolif	EGLN3	up	1.0
stealth_confounded_hypoxia_prolif	DDIT4	up	1.0
stealth_confounded_hypoxia_prolif	SLC2A3	up	1.0
stealth_confounded_hypoxia_prolif	MKI67	up	0.8
stealth_confounded_hypoxia_prolif	TOP2A	up	0.8
stealth_confounded_hypoxia_prolif	CDK1	up	0.8
stealth_confounded_hypoxia_prolif	CCNB1	up	0.8
stealth_confounded_hypoxia_prolif	AURKA	up	0.8
stealth_confounded_inflam_immune	IL6	up	1.0
stealth_confounded_inflam_immune	IL1B	up	1.0
stealth_confounded_inflam_immune	TNF	up	1.0
stealth_confounded_inflam_immune	CXCL8	up	1.0
stealth_confounded_inflam_immune	CCL2	up	1.0
stealth_confounded_inflam_immune	CCL3	up	1.0
stealth_confounded_inflam_immune	PTGS2	up	1.0
stealth_confounded_inflam_immune	ICAM1	up	1.0
stealth_confounded_inflam_immune	NFKBIA	up	1.0
stealth_confounded_inflam_immune	CXCL1	up	1.0
stealth_confounded_inflam_immune	VCAM1	up	1.0
stealth_confounded_inflam_immune	MMP9	up	1.0
stealth_confounded_inflam_immune	SERPINE1	up	1.0
stealth_confounded_inflam_immune	SOD2	up	1.0
stealth_confounded_inflam_immune	TNFAIP3	up	1.0
stealth_confounded_inflam_immune	CD3D	up	0.8
stealth_confounded_inflam_immune	CD8A	up	0.8
stealth_confounded_inflam_immune	PTPRC	up	0.8
stealth_confounded_inflam_immune	NKG7	up	0.8
stealth_confounded_inflam_immune	GZMB	up	0.8
lowcov_olfactory_1	OR1A1	up	1.0
lowcov_olfactory_1	OR2W1	up	1.0
lowcov_olfactory_1	OR7D4	up	1.0
lowcov_olfactory_1	OR10A1	up	1.0
lowcov_olfactory_1	OR51E1	up	1.0
lowcov_olfactory_1	OR6A2	up	1.0
lowcov_olfactory_1	OR2T8	up	1.0
lowcov_olfactory_1	OR13C9	up	1.0
lowcov_olfactory_1	OR5K1	up	1.0
lowcov_olfactory_1	OR2B6	up	1.0
lowcov_olfactory_1	OR4D1	up	1.0
lowcov_olfactory_1	OR8D1	up	1.0
lowcov_olfactory_1	OR11H1	up	1.0
lowcov_olfactory_1	OR14A16	up	1.0
lowcov_olfactory_1	OR52N1	up	1.0
lowcov_olfactory_2	TAS2R38	up	1.0
lowcov_olfactory_2	TAS2R16	up	1.0
lowcov_olfactory_2	TAS2R46	up	1.0
lowcov_olfactory_2	TAS1R1	up	1.0
lowcov_olfactory_2	TAS1R2	up	1.0
lowcov_olfactory_2	OR3A1	up	1.0
lowcov_olfactory_2	OR1D2	up	1.0
lowcov_olfactory_2	OR5A1	up	1.0
lowcov_olfactory_2	OR2J3	up	1.0
lowcov_olfactory_2	OR10G4	up	1.0
lowcov_olfactory_2	OR12D3	up	1.0
lowcov_olfactory_2	OR56A4	up	1.0
lowcov_olfactory_2	OR52I2	up	1.0
lowcov_olfactory_2	OR4E2	up	1.0
lowcov_olfactory_2	OR8B8	up	1.0
blind_durable_ifn_composite	STAT1	up	1.0
blind_durable_ifn_composite	IRF1	up	1.0
blind_durable_ifn_composite	IFIT1	up	1.0
blind_durable_ifn_composite	IFIT2	up	1.0
blind_durable_ifn_composite	IFIT3	up	1.0
blind_durable_ifn_composite	ISG15	up	1.0
blind_durable_ifn_composite	MX1	up	1.0
blind_durable_ifn_composite	MX2	up	1.0
blind_durable_ifn_composite	OAS1	up	1.0
blind_durable_ifn_composite	OAS2	up	1.0
blind_durable_ifn_composite	OAS3	up	1.0
blind_durable_ifn_composite	RSAD2	up	1.0
blind_durable_ifn_composite	GBP1	up	1.0
blind_durable_ifn_composite	GBP2	up	1.0
blind_durable_ifn_composite	CXCL10	up	1.0
blind_durable_ifn_composite	CXCL9	up	1.0
blind_durable_ifn_composite	IDO1	up	1.0
blind_durable_ifn_composite	IFI44	up	1.0
blind_durable_ifn_composite	IFI44L	up	1.0
blind_durable_ifn_composite	IRF7	up	1.0
blind_durable_ifn_composite	IFITM1	up	1.0
blind_durable_ifn_composite	BST2	up	1.0
blind_durable_ifn_composite	DDX58	up	1.0
blind_durable_ifn_composite	HERC5	up	1.0
blind_durable_ifn_composite	USP18	up	1.0
blind_durable_hypoxia_core	VEGFA	up	1.0
blind_durable_hypoxia_core	SLC2A1	up	1.0
blind_durable_hypoxia_core	LDHA	up	1.0
blind_durable_hypoxia_core	PGK1	up	1.0
blind_durable_hypoxia_core	ENO1	up	1.0
blind_durable_hypoxia_core	ALDOA	up	1.0
blind_durable_hypoxia_core	PKM	up	1.0
blind_durable_hypoxia_core	HK2	up	1.0
blind_durable_hypoxia_core	CA9	up	1.0
blind_durable_hypoxia_core	ADM	up	1.0
blind_durable_hypoxia_core	NDRG1	up	1.0
blind_durable_hypoxia_core	BNIP3	up	1.0
blind_durable_hypoxia_core	LOX	up	1.0
blind_durable_hypoxia_core	HIF1A	up	1.0
blind_durable_hypoxia_core	EGLN1	up	1.0
blind_durable_hypoxia_core	PDK1	up	1.0
blind_durable_hypoxia_core	PFKFB3	up	1.0
blind_durable_hypoxia_core	ANGPTL4	up	1.0
blind_durable_hypoxia_core	P4HA1	up	1.0
blind_durable_hypoxia_core	DDIT4	up	1.0
blind_brittle_random	ABCA7	up	1.0
blind_brittle_random	GPR37	up	1.0
blind_brittle_random	SLC17A7	up	1.0
blind_brittle_random	CHRNA7	up	1.0
blind_brittle_random	GABRA1	up	1.0
blind_brittle_random	HTR2A	down	1.0
blind_brittle_random	GRIN2B	up	1.0
blind_brittle_random	DRD2	down	1.0
blind_brittle_random	SCN1A	up	1.0
blind_brittle_random	KCNJ11	down	1.0
blind_brittle_random	TRPM8	up	1.0
blind_brittle_random	PCDH15	down	1.0
blind_brittle_random	CDH23	up	1.0
blind_brittle_random	TENM4	down	1.0
blind_brittle_random	SLITRK6	up	1.0
blind_mixed_emt_stress	VIM	up	1.0
blind_mixed_emt_stress	FN1	up	1.0
blind_mixed_emt_stress	SNAI1	up	1.0
blind_mixed_emt_stress	ZEB2	up	1.0
blind_mixed_emt_stress	COL1A2	up	1.0
blind_mixed_emt_stress	COL5A1	up	1.0
blind_mixed_emt_stress	ACTA2	up	1.0
blind_mixed_emt_stress	TAGLN	up	1.0
blind_mixed_emt_stress	POSTN	up	1.0
blind_mixed_emt_stress	TGFBI	up	1.0
blind_mixed_emt_stress	HSPA1A	up	1.0
blind_mixed_emt_stress	HSPA1B	up	1.0
blind_mixed_emt_stress	HSP90AA1	up	1.0
blind_mixed_emt_stress	DDIT3	up	1.0
blind_mixed_emt_stress	ATF4	up	1.0
blind_mixed_emt_stress	XBP1	up	1.0
blind_mixed_emt_stress	FOS	up	1.0
blind_mixed_emt_stress	JUN	up	1.0
blind_mixed_emt_stress	GADD45A	up	1.0
blind_mixed_emt_stress	CDKN1A	up	1.0
blind_confounded_prolif_inflam	MKI67	up	1.0
blind_confounded_prolif_inflam	TOP2A	up	1.0
blind_confounded_prolif_inflam	PCNA	up	1.0
blind_confounded_prolif_inflam	CCNB1	up	1.0
blind_confounded_prolif_inflam	CDK1	up	1.0
blind_confounded_prolif_inflam	CCNA2	up	1.0
blind_confounded_prolif_inflam	BUB1	up	1.0
blind_confounded_prolif_inflam	AURKA	up	1.0
blind_confounded_prolif_inflam	PLK1	up	1.0
blind_confounded_prolif_inflam	CDC20	up	1.0
blind_confounded_prolif_inflam	IL6	up	1.0
blind_confounded_prolif_inflam	IL1B	up	1.0
blind_confounded_prolif_inflam	TNF	up	1.0
blind_confounded_prolif_inflam	CXCL8	up	1.0
blind_confounded_prolif_inflam	CCL2	up	1.0
blind_confounded_prolif_inflam	PTGS2	up	1.0
blind_confounded_prolif_inflam	ICAM1	up	1.0
blind_confounded_prolif_inflam	NFKBIA	up	1.0
blind_confounded_prolif_inflam	SOD2	up	1.0
blind_confounded_prolif_inflam	TNFAIP3	up	1.0
blind_confounded_stealth_emt_immune	VIM	up	1.0
blind_confounded_stealth_emt_immune	FN1	up	1.0
blind_confounded_stealth_emt_immune	SNAI2	up	1.0
blind_confounded_stealth_emt_immune	ZEB1	up	1.0
blind_confounded_stealth_emt_immune	COL1A1	up	1.0
blind_confounded_stealth_emt_immune	COL3A1	up	1.0
blind_confounded_stealth_emt_immune	ACTA2	up	1.0
blind_confounded_stealth_emt_immune	SPARC	up	1.0
blind_confounded_stealth_emt_immune	FAP	up	1.0
blind_confounded_stealth_emt_immune	LOXL2	up	1.0
blind_confounded_stealth_emt_immune	POSTN	up	1.0
blind_confounded_stealth_emt_immune	TGFBI	up	1.0
blind_confounded_stealth_emt_immune	CTGF	up	1.0
blind_confounded_stealth_emt_immune	SERPINE1	up	1.0
blind_confounded_stealth_emt_immune	THY1	up	1.0
blind_confounded_stealth_emt_immune	CD3D	up	0.8
blind_confounded_stealth_emt_immune	CD8A	up	0.8
blind_confounded_stealth_emt_immune	PTPRC	up	0.8
blind_confounded_stealth_emt_immune	NKG7	up	0.8
blind_confounded_stealth_emt_immune	GZMB	up	0.8
blind_lowcov_keratin	KRT31	up	1.0
blind_lowcov_keratin	KRT32	up	1.0
blind_lowcov_keratin	KRT33A	up	1.0
blind_lowcov_keratin	KRT33B	up	1.0
blind_lowcov_keratin	KRT34	up	1.0
blind_lowcov_keratin	KRT35	up	1.0
blind_lowcov_keratin	KRT36	up	1.0
blind_lowcov_keratin	KRT37	up	1.0
blind_lowcov_keratin	KRT38	up	1.0
blind_lowcov_keratin	KRT81	up	1.0
blind_lowcov_keratin	KRT82	up	1.0
blind_lowcov_keratin	KRT83	up	1.0
blind_lowcov_keratin	KRT84	up	1.0
blind_lowcov_keratin	KRT85	up	1.0
blind_lowcov_keratin	KRT86	up	1.0
